Window_index,Stage,MAE,MAPE,RMSE,Accuracy(2000),Accuracy(3000),Maximum error,Minimum error,Step4,Step6.1,Step6.2,Time,Adopted_hidden_node
1,Inferencing,12295.83,29.11,12431.75,0.0,0.0,14293.58,9361.13,118,41,0,14.62081265449524,1
2,Inferencing,8640.08,20.77,8649.42,0.0,0.0,9222.04,8195.93,156,2,1,21.617462158203125,4
