Window_index,Stage,MAE,MAPE,RMSE,Accuracy(2000),Accuracy(3000),Maximum error,Minimum error,Step4,Step6.1,Step6.2,Time,Adopted_hidden_node,nb_node_pruned
1,Training,1700.23,3.26,2194.28,66.04,84.28,6114.27,8.18,106,53,0,14.751587867736816,1,0
2,Training,1709.67,3.27,2130.71,62.26,86.16,6075.29,0.02,105,52,2,36.8792781829834,7,0
3,Training,1206.36,2.37,1707.71,83.02,91.19,6126.91,10.55,122,35,2,121.13439130783081,7,0
4,Training,1276.5,2.57,1777.79,83.02,91.19,6118.42,0.06,136,15,8,367.37778329849243,9,16
